{"cameraMode":{"drawMode":0,"name":"Shaded","section":"Shading Mode"},"sceneLighting":false,"audioPlay":false,"sceneViewState":{"m_AlwaysRefresh":false,"showFog":true,"showSkybox":false,"showFlares":true,"showImageEffects":true,"showParticleSystems":true,"showVisualEffectGraphs":true,"m_FxEnabled":true},"in2DMode":false,"pivot":{"x":5.714512825012207,"y":-0.9463174343109131,"z":-0.6000000238418579},"rotation":{"x":-0.1363849937915802,"y":0.0035619710106402637,"z":-0.0004968969733454287,"w":-0.9906644821166992},"size":0.39572715759277346,"orthographic":false}